trade_id,account_id,related_group,symbol,side,volume,open_time,close_time,hold_seconds
N1395,ACC-4,ACC-4,USDJPY,BUY,1.22,2026-09-18 08:21:34.000000,2026-09-18 08:25:19.000000,225.0
N1141,ACC-10,ACC-10,GBPUSD,SELL,1.08,2026-09-18 08:06:07.000000,2026-09-18 09:11:54.000000,3947.0
N1052,ACC-7,ACC-7,AUDUSD,BUY,1.23,2026-09-18 09:21:53.000000,2026-09-18 12:44:43.000000,12170.0
N1075,ACC-6,ACC-6,USDJPY,BUY,0.36,2026-09-18 09:40:57.000000,2026-09-18 10:22:42.000000,2505.0
N1161,ACC-4,ACC-4,USDJPY,SELL,0.37,2026-09-18 11:32:23.000000,2026-09-18 14:28:19.000000,10556.0
N1201,ACC-9,ACC-9,EURUSD,SELL,0.33,2026-09-18 09:46:44.000000,2026-09-18 10:57:51.000000,4267.0
N1352,ACC-3,ACC-3,GBPUSD,SELL,1.9,2026-09-18 12:53:24.000000,2026-09-18 15:08:13.000000,8089.0
N1170,ACC-8,ACC-8,EURUSD,BUY,0.4,2026-09-18 11:33:09.000000,2026-09-18 13:32:21.000000,7152.0
N1071,ACC-3,ACC-3,GBPUSD,SELL,1.62,2026-09-18 07:36:42.000000,2026-09-18 10:27:09.000000,10227.0
N1129,ACC-4,ACC-4,USDJPY,SELL,1.55,2026-09-18 09:11:55.000000,2026-09-18 10:52:32.000000,6037.0
N1336,ACC-8,ACC-8,USDJPY,BUY,1.13,2026-09-18 09:00:53.000000,2026-09-18 10:28:00.000000,5227.0
N1242,ACC-2,ACC-2,USDJPY,SELL,1.21,2026-09-18 09:01:47.000000,2026-09-18 12:23:04.000000,12077.0
N1050,ACC-9,ACC-9,GBPUSD,SELL,1.3,2026-09-18 12:08:10.000000,2026-09-18 13:51:17.000000,6187.0
N1373,ACC-5,ACC-5,USDJPY,SELL,0.17,2026-09-18 09:35:30.000000,2026-09-18 12:35:33.000000,10803.0
N1347,ACC-9,ACC-9,GBPUSD,SELL,1.82,2026-09-18 09:21:17.000000,2026-09-18 10:19:00.000000,3463.0
N1098,ACC-4,ACC-4,GBPUSD,BUY,1.89,2026-09-18 12:52:43.000000,2026-09-18 15:39:25.000000,10002.0
N1335,ACC-2,ACC-2,USDJPY,BUY,0.37,2026-09-18 07:57:27.000000,2026-09-18 08:25:33.000000,1686.0
N1155,ACC-2,ACC-2,AUDUSD,SELL,1.65,2026-09-18 08:39:57.000000,2026-09-18 11:55:10.000000,11713.0
N1224,ACC-5,ACC-5,AUDUSD,SELL,0.64,2026-09-18 12:43:16.000000,2026-09-18 13:53:44.000000,4228.0
N1021,ACC-1,ACC-1,GBPUSD,SELL,1.67,2026-09-18 11:08:51.000000,2026-09-18 14:07:06.000000,10695.0
N1090,ACC-3,ACC-3,EURUSD,SELL,1.75,2026-09-18 11:16:29.000000,2026-09-18 11:58:31.000000,2522.0
N1353,ACC-10,ACC-10,GBPUSD,SELL,1.9,2026-09-18 10:18:10.000000,2026-09-18 12:30:28.000000,7938.0
N1329,ACC-1,ACC-1,AUDUSD,BUY,0.49,2026-09-18 11:59:30.000000,2026-09-18 13:09:11.000000,4181.0
N1099,ACC-7,ACC-7,USDJPY,BUY,0.98,2026-09-18 11:07:25.000000,2026-09-18 14:40:42.000000,12797.0
N1066,ACC-9,ACC-9,AUDUSD,SELL,1.12,2026-09-18 10:52:24.000000,2026-09-18 13:32:52.000000,9628.0
N1053,ACC-5,ACC-5,AUDUSD,SELL,0.89,2026-09-18 09:54:17.000000,2026-09-18 11:18:44.000000,5067.0
N1043,ACC-4,ACC-4,GBPUSD,SELL,0.1,2026-09-18 10:41:23.000000,2026-09-18 11:57:56.000000,4593.0
N1107,ACC-1,ACC-1,AUDUSD,SELL,1.02,2026-09-18 12:12:04.000000,2026-09-18 15:42:18.000000,12614.0
N1117,ACC-3,ACC-3,USDJPY,BUY,0.68,2026-09-18 08:15:00.000000,2026-09-18 09:27:12.000000,4332.0
N1290,ACC-6,ACC-6,USDJPY,SELL,0.41,2026-09-18 07:06:53.000000,2026-09-18 07:19:47.000000,774.0
N1302,ACC-5,ACC-5,GBPUSD,SELL,0.96,2026-09-18 07:04:52.000000,2026-09-18 09:46:59.000000,9727.0
N1338,ACC-7,ACC-7,EURUSD,BUY,0.59,2026-09-18 11:47:01.000000,2026-09-18 15:03:07.000000,11766.0
N1384,ACC-10,ACC-10,AUDUSD,BUY,1.34,2026-09-18 12:42:56.000000,2026-09-18 16:39:07.000000,14171.0
N1263,ACC-9,ACC-9,AUDUSD,BUY,0.26,2026-09-18 12:57:41.000000,2026-09-18 15:40:29.000000,9768.0
N1393,ACC-4,ACC-4,USDJPY,BUY,1.97,2026-09-18 08:44:50.000000,2026-09-18 09:08:16.000000,1406.0
N1273,ACC-5,ACC-5,AUDUSD,SELL,1.08,2026-09-18 07:51:04.000000,2026-09-18 11:42:31.000000,13887.0
N1278,ACC-10,ACC-10,EURUSD,BUY,0.23,2026-09-18 07:44:28.000000,2026-09-18 09:05:29.000000,4861.0
N1226,ACC-3,ACC-3,GBPUSD,SELL,1.42,2026-09-18 07:56:02.000000,2026-09-18 09:58:06.000000,7324.0
N1151,ACC-6,ACC-6,EURUSD,BUY,1.91,2026-09-18 08:15:12.000000,2026-09-18 12:03:36.000000,13704.0
N1344,ACC-10,ACC-10,GBPUSD,SELL,1.09,2026-09-18 11:18:43.000000,2026-09-18 13:41:34.000000,8571.0
N1191,ACC-9,ACC-9,USDJPY,SELL,0.36,2026-09-18 10:11:40.000000,2026-09-18 10:29:24.000000,1064.0
N1009,ACC-2,ACC-2,USDJPY,SELL,1.65,2026-09-18 12:20:06.000000,2026-09-18 12:21:31.000000,85.0
N1139,ACC-6,ACC-6,AUDUSD,SELL,1.94,2026-09-18 07:07:53.000000,2026-09-18 08:23:22.000000,4529.0
N1199,ACC-7,ACC-7,AUDUSD,BUY,1.12,2026-09-18 08:00:38.000000,2026-09-18 11:13:51.000000,11593.0
N1366,ACC-8,ACC-8,GBPUSD,SELL,0.48,2026-09-18 10:34:51.000000,2026-09-18 12:35:07.000000,7216.0
N1211,ACC-2,ACC-2,EURUSD,SELL,1.7,2026-09-18 12:18:06.000000,2026-09-18 13:07:26.000000,2960.0
N1186,ACC-5,ACC-5,EURUSD,BUY,0.17,2026-09-18 10:30:31.000000,2026-09-18 12:05:25.000000,5694.0
N1297,ACC-8,ACC-8,EURUSD,SELL,0.99,2026-09-18 09:06:50.000000,2026-09-18 12:59:41.000000,13971.0
N1132,ACC-3,ACC-3,AUDUSD,BUY,1.53,2026-09-18 09:33:42.000000,2026-09-18 10:28:37.000000,3295.0
N1293,ACC-8,ACC-8,EURUSD,BUY,1.43,2026-09-18 08:44:46.000000,2026-09-18 09:14:56.000000,1810.0
N1333,ACC-3,ACC-3,GBPUSD,SELL,0.65,2026-09-18 09:08:16.000000,2026-09-18 10:45:30.000000,5834.0
N1282,ACC-6,ACC-6,AUDUSD,SELL,1.71,2026-09-18 07:48:20.000000,2026-09-18 08:19:13.000000,1853.0
N1359,ACC-3,ACC-3,EURUSD,SELL,1.77,2026-09-18 07:51:57.000000,2026-09-18 11:24:37.000000,12760.0
N1365,ACC-5,ACC-5,EURUSD,SELL,0.38,2026-09-18 09:59:25.000000,2026-09-18 12:17:18.000000,8273.0
N1049,ACC-6,ACC-6,EURUSD,SELL,0.31,2026-09-18 12:09:00.000000,2026-09-18 14:57:28.000000,10108.0
N1123,ACC-9,ACC-9,GBPUSD,BUY,0.95,2026-09-18 10:57:19.000000,2026-09-18 14:34:50.000000,13051.0
N1047,ACC-9,ACC-9,USDJPY,SELL,0.37,2026-09-18 12:25:27.000000,2026-09-18 14:10:27.000000,6300.0
N1385,ACC-7,ACC-7,USDJPY,BUY,1.4,2026-09-18 10:31:16.000000,2026-09-18 13:57:20.000000,12364.0
N1246,ACC-8,ACC-8,AUDUSD,SELL,1.09,2026-09-18 07:13:32.000000,2026-09-18 10:44:05.000000,12633.0
N1108,ACC-7,ACC-7,GBPUSD,BUY,1.83,2026-09-18 09:47:59.000000,2026-09-18 12:56:31.000000,11312.0
N1382,ACC-4,ACC-4,GBPUSD,SELL,1.06,2026-09-18 11:31:16.000000,2026-09-18 12:54:17.000000,4981.0
N1157,ACC-4,ACC-4,USDJPY,SELL,0.43,2026-09-18 07:45:45.000000,2026-09-18 08:53:23.000000,4058.0
N1149,ACC-6,ACC-6,GBPUSD,SELL,0.16,2026-09-18 08:03:07.000000,2026-09-18 09:24:21.000000,4874.0
N1354,ACC-2,ACC-2,AUDUSD,SELL,0.24,2026-09-18 11:12:19.000000,2026-09-18 12:40:58.000000,5319.0
N1062,ACC-8,ACC-8,EURUSD,BUY,0.13,2026-09-18 10:53:35.000000,2026-09-18 13:36:31.000000,9776.0
N1252,ACC-7,ACC-7,AUDUSD,BUY,0.88,2026-09-18 07:14:22.000000,2026-09-18 08:29:39.000000,4517.0
N1221,ACC-7,ACC-7,EURUSD,BUY,1.78,2026-09-18 08:13:00.000000,2026-09-18 09:57:44.000000,6284.0
N1316,ACC-3,ACC-3,AUDUSD,SELL,1.88,2026-09-18 07:33:44.000000,2026-09-18 11:04:38.000000,12654.0
N1327,ACC-7,ACC-7,USDJPY,BUY,1.94,2026-09-18 11:29:32.000000,2026-09-18 13:49:55.000000,8423.0
N1115,ACC-3,ACC-3,EURUSD,SELL,0.37,2026-09-18 12:57:58.000000,2026-09-18 16:31:49.000000,12831.0
SCALP11,ACC-3,ACC-3,EURUSD,SELL,0.17,2026-09-18 08:04:48.614153,2026-09-18 08:04:52.543419,3.929266
N1292,ACC-1,ACC-1,GBPUSD,SELL,1.6,2026-09-18 09:00:42.000000,2026-09-18 10:41:43.000000,6061.0
N1237,ACC-1,ACC-1,GBPUSD,SELL,1.34,2026-09-18 11:54:22.000000,2026-09-18 15:30:48.000000,12986.0
N1280,ACC-8,ACC-8,USDJPY,BUY,1.42,2026-09-18 11:48:21.000000,2026-09-18 14:58:13.000000,11392.0
N1240,ACC-9,ACC-9,GBPUSD,SELL,1.34,2026-09-18 10:30:12.000000,2026-09-18 12:24:44.000000,6872.0
N1299,ACC-8,ACC-8,EURUSD,SELL,0.11,2026-09-18 08:20:28.000000,2026-09-18 08:53:46.000000,1998.0
N1312,ACC-3,ACC-3,USDJPY,BUY,0.48,2026-09-18 08:28:09.000000,2026-09-18 09:44:20.000000,4571.0
N1000,ACC-10,ACC-10,USDJPY,SELL,1.61,2026-09-18 12:56:05.000000,2026-09-18 15:21:19.000000,8714.0
N1060,ACC-9,ACC-9,USDJPY,SELL,1.49,2026-09-18 07:14:32.000000,2026-09-18 09:21:49.000000,7637.0
N1250,ACC-1,ACC-1,USDJPY,BUY,1.48,2026-09-18 10:32:18.000000,2026-09-18 12:19:41.000000,6443.0
N1330,ACC-5,ACC-5,USDJPY,BUY,1.64,2026-09-18 09:11:49.000000,2026-09-18 11:13:23.000000,7294.0
N1318,ACC-9,ACC-9,GBPUSD,SELL,0.92,2026-09-18 12:35:25.000000,2026-09-18 15:40:43.000000,11118.0
N1358,ACC-5,ACC-5,AUDUSD,SELL,1.69,2026-09-18 09:00:08.000000,2026-09-18 11:43:34.000000,9806.0
N1101,ACC-6,ACC-6,EURUSD,BUY,0.55,2026-09-18 11:28:14.000000,2026-09-18 11:53:50.000000,1536.0
N1122,ACC-1,ACC-1,GBPUSD,BUY,1.48,2026-09-18 07:52:02.000000,2026-09-18 09:05:45.000000,4423.0
N1153,ACC-7,ACC-7,GBPUSD,SELL,1.7,2026-09-18 07:00:51.000000,2026-09-18 07:54:11.000000,3200.0
N1309,ACC-1,ACC-1,GBPUSD,BUY,1.35,2026-09-18 09:50:30.000000,2026-09-18 11:34:28.000000,6238.0
N1272,ACC-1,ACC-1,AUDUSD,BUY,1.23,2026-09-18 09:35:59.000000,2026-09-18 11:00:59.000000,5100.0
N1229,ACC-8,ACC-8,EURUSD,SELL,1.2,2026-09-18 09:17:33.000000,2026-09-18 12:09:27.000000,10314.0
N1055,ACC-10,ACC-10,AUDUSD,BUY,0.66,2026-09-18 08:14:30.000000,2026-09-18 12:00:46.000000,13576.0
N1168,ACC-7,ACC-7,EURUSD,BUY,1.95,2026-09-18 08:45:51.000000,2026-09-18 12:25:45.000000,13194.0
N1328,ACC-8,ACC-8,USDJPY,BUY,1.56,2026-09-18 12:20:51.000000,2026-09-18 13:48:23.000000,5252.0
N1198,ACC-1,ACC-1,AUDUSD,BUY,0.15,2026-09-18 10:44:40.000000,2026-09-18 11:17:14.000000,1954.0
N1152,ACC-9,ACC-9,EURUSD,SELL,0.46,2026-09-18 11:15:35.000000,2026-09-18 14:12:15.000000,10600.0
N1127,ACC-1,ACC-1,GBPUSD,BUY,0.16,2026-09-18 12:15:06.000000,2026-09-18 13:19:59.000000,3893.0
N1388,ACC-6,ACC-6,AUDUSD,SELL,0.33,2026-09-18 07:14:23.000000,2026-09-18 09:41:21.000000,8818.0
N1048,ACC-10,ACC-10,AUDUSD,BUY,1.94,2026-09-18 12:32:22.000000,2026-09-18 12:57:40.000000,1518.0
N1247,ACC-10,ACC-10,AUDUSD,BUY,0.14,2026-09-18 11:02:27.000000,2026-09-18 13:20:08.000000,8261.0
N1319,ACC-3,ACC-3,AUDUSD,BUY,1.18,2026-09-18 12:38:50.000000,2026-09-18 15:39:36.000000,10846.0
N1042,ACC-8,ACC-8,USDJPY,SELL,1.36,2026-09-18 07:39:18.000000,2026-09-18 10:20:57.000000,9699.0
N1026,ACC-3,ACC-3,AUDUSD,SELL,1.41,2026-09-18 09:53:30.000000,2026-09-18 12:04:48.000000,7878.0
N1138,ACC-1,ACC-1,GBPUSD,SELL,0.64,2026-09-18 07:14:55.000000,2026-09-18 07:39:14.000000,1459.0
N1056,ACC-7,ACC-7,EURUSD,SELL,1.11,2026-09-18 09:29:31.000000,2026-09-18 10:36:30.000000,4019.0
N1088,ACC-6,ACC-6,EURUSD,SELL,0.99,2026-09-18 12:38:18.000000,2026-09-18 14:35:50.000000,7052.0
N1230,ACC-6,ACC-6,EURUSD,BUY,0.49,2026-09-18 07:12:57.000000,2026-09-18 08:45:19.000000,5542.0
OVERSIZED1,ACC-7,ACC-7,GBPUSD,BUY,15.0,2026-09-18 09:00:00.000000,2026-09-18 09:20:00.000000,1200.0
SCALP1,ACC-3,ACC-3,EURUSD,BUY,0.38,2026-09-18 08:00:17.099675,2026-09-18 08:00:19.484309,2.384634
N1185,ACC-1,ACC-1,GBPUSD,SELL,0.54,2026-09-18 12:33:25.000000,2026-09-18 13:38:22.000000,3897.0
N1012,ACC-5,ACC-5,EURUSD,SELL,1.71,2026-09-18 07:09:52.000000,2026-09-18 09:40:17.000000,9025.0
N1346,ACC-2,ACC-2,AUDUSD,SELL,0.12,2026-09-18 11:15:47.000000,2026-09-18 12:48:22.000000,5555.0
N1326,ACC-7,ACC-7,AUDUSD,BUY,1.9,2026-09-18 07:11:13.000000,2026-09-18 08:42:49.000000,5496.0
N1223,ACC-3,ACC-3,USDJPY,BUY,1.73,2026-09-18 12:50:11.000000,2026-09-18 14:57:55.000000,7664.0
N1140,ACC-4,ACC-4,EURUSD,BUY,1.53,2026-09-18 09:44:09.000000,2026-09-18 11:20:36.000000,5787.0
N1076,ACC-10,ACC-10,USDJPY,BUY,0.6,2026-09-18 12:01:17.000000,2026-09-18 13:06:07.000000,3890.0
N1380,ACC-3,ACC-3,AUDUSD,BUY,0.51,2026-09-18 11:00:26.000000,2026-09-18 14:11:06.000000,11440.0
N1089,ACC-6,ACC-6,AUDUSD,SELL,0.29,2026-09-18 08:24:28.000000,2026-09-18 11:23:22.000000,10734.0
SCALP3,ACC-3,ACC-3,EURUSD,SELL,0.49,2026-09-18 08:01:02.492281,2026-09-18 08:01:04.304738,1.812457
N1234,ACC-4,ACC-4,EURUSD,BUY,1.03,2026-09-18 08:27:10.000000,2026-09-18 09:52:59.000000,5149.0
N1018,ACC-6,ACC-6,USDJPY,BUY,0.69,2026-09-18 09:53:00.000000,2026-09-18 11:17:06.000000,5046.0
N1024,ACC-7,ACC-7,EURUSD,BUY,0.93,2026-09-18 08:21:30.000000,2026-09-18 08:38:02.000000,992.0
N1033,ACC-5,ACC-5,AUDUSD,SELL,1.65,2026-09-18 12:53:35.000000,2026-09-18 15:58:01.000000,11066.0
N1222,ACC-3,ACC-3,GBPUSD,SELL,1.77,2026-09-18 11:48:54.000000,2026-09-18 12:08:50.000000,1196.0
N1219,ACC-10,ACC-10,EURUSD,BUY,1.34,2026-09-18 11:56:24.000000,2026-09-18 13:40:49.000000,6265.0
N1371,ACC-5,ACC-5,GBPUSD,SELL,1.45,2026-09-18 08:15:40.000000,2026-09-18 11:01:25.000000,9945.0
N1342,ACC-8,ACC-8,AUDUSD,SELL,1.5,2026-09-18 11:19:35.000000,2026-09-18 11:47:03.000000,1648.0
N1340,ACC-8,ACC-8,GBPUSD,BUY,0.79,2026-09-18 12:02:43.000000,2026-09-18 15:59:40.000000,14217.0
N1006,ACC-4,ACC-4,GBPUSD,BUY,0.65,2026-09-18 08:48:37.000000,2026-09-18 11:16:21.000000,8864.0
N1010,ACC-10,ACC-10,USDJPY,BUY,0.69,2026-09-18 09:47:09.000000,2026-09-18 11:58:55.000000,7906.0
N1308,ACC-2,ACC-2,USDJPY,SELL,1.9,2026-09-18 07:07:50.000000,2026-09-18 08:30:49.000000,4979.0
N1150,ACC-10,ACC-10,GBPUSD,SELL,0.46,2026-09-18 12:24:41.000000,2026-09-18 12:53:07.000000,1706.0
N1081,ACC-2,ACC-2,EURUSD,SELL,0.2,2026-09-18 08:22:21.000000,2026-09-18 10:20:05.000000,7064.0
N1286,ACC-1,ACC-1,AUDUSD,SELL,0.59,2026-09-18 12:38:17.000000,2026-09-18 13:21:16.000000,2579.0
N1313,ACC-7,ACC-7,USDJPY,BUY,1.32,2026-09-18 09:50:13.000000,2026-09-18 13:00:29.000000,11416.0
N1253,ACC-8,ACC-8,GBPUSD,SELL,1.55,2026-09-18 09:07:04.000000,2026-09-18 11:02:56.000000,6952.0
N1337,ACC-6,ACC-6,GBPUSD,BUY,0.92,2026-09-18 12:55:32.000000,2026-09-18 14:51:52.000000,6980.0
N1295,ACC-10,ACC-10,USDJPY,SELL,0.58,2026-09-18 08:32:20.000000,2026-09-18 12:05:00.000000,12760.0
N1331,ACC-2,ACC-2,AUDUSD,SELL,0.54,2026-09-18 10:46:17.000000,2026-09-18 11:57:31.000000,4274.0
N1213,ACC-7,ACC-7,USDJPY,BUY,0.69,2026-09-18 09:39:50.000000,2026-09-18 12:56:05.000000,11775.0
N1083,ACC-4,ACC-4,GBPUSD,SELL,0.77,2026-09-18 09:08:21.000000,2026-09-18 10:27:59.000000,4778.0
N1092,ACC-5,ACC-5,GBPUSD,BUY,1.02,2026-09-18 07:17:31.000000,2026-09-18 08:52:01.000000,5670.0
N1045,ACC-5,ACC-5,EURUSD,SELL,1.14,2026-09-18 10:05:20.000000,2026-09-18 12:44:27.000000,9547.0
N1262,ACC-1,ACC-1,GBPUSD,SELL,0.66,2026-09-18 11:40:44.000000,2026-09-18 12:00:35.000000,1191.0
N1046,ACC-5,ACC-5,USDJPY,BUY,0.9,2026-09-18 12:07:58.000000,2026-09-18 15:03:51.000000,10553.0
N1241,ACC-4,ACC-4,USDJPY,BUY,0.49,2026-09-18 09:08:49.000000,2026-09-18 11:48:04.000000,9555.0
N1195,ACC-5,ACC-5,EURUSD,SELL,0.84,2026-09-18 12:43:24.000000,2026-09-18 16:19:24.000000,12960.0
N1015,ACC-8,ACC-8,USDJPY,SELL,1.8,2026-09-18 09:17:01.000000,2026-09-18 12:49:18.000000,12737.0
N1277,ACC-3,ACC-3,EURUSD,SELL,0.37,2026-09-18 09:46:44.000000,2026-09-18 09:58:32.000000,708.0
N1058,ACC-5,ACC-5,USDJPY,SELL,1.26,2026-09-18 11:19:12.000000,2026-09-18 13:41:12.000000,8520.0
N1398,ACC-9,ACC-9,EURUSD,SELL,0.43,2026-09-18 11:47:51.000000,2026-09-18 11:59:48.000000,717.0
N1369,ACC-9,ACC-9,USDJPY,SELL,1.41,2026-09-18 08:02:24.000000,2026-09-18 11:14:18.000000,11514.0
N1059,ACC-10,ACC-10,EURUSD,BUY,1.54,2026-09-18 09:44:13.000000,2026-09-18 11:01:48.000000,4655.0
N1368,ACC-1,ACC-1,USDJPY,SELL,1.56,2026-09-18 07:12:19.000000,2026-09-18 11:08:58.000000,14199.0
N1039,ACC-3,ACC-3,AUDUSD,BUY,0.52,2026-09-18 08:38:35.000000,2026-09-18 11:31:21.000000,10366.0
N1176,ACC-3,ACC-3,AUDUSD,BUY,0.24,2026-09-18 10:28:10.000000,2026-09-18 10:38:28.000000,618.0
N1025,ACC-7,ACC-7,USDJPY,BUY,0.96,2026-09-18 12:38:49.000000,2026-09-18 16:32:02.000000,13993.0
N1317,ACC-7,ACC-7,EURUSD,BUY,1.06,2026-09-18 09:21:01.000000,2026-09-18 10:51:52.000000,5451.0
N1084,ACC-6,ACC-6,USDJPY,SELL,0.82,2026-09-18 10:15:41.000000,2026-09-18 13:13:06.000000,10645.0
N1061,ACC-6,ACC-6,USDJPY,BUY,0.17,2026-09-18 09:17:51.000000,2026-09-18 11:49:25.000000,9094.0
N1051,ACC-7,ACC-7,AUDUSD,BUY,1.04,2026-09-18 11:21:54.000000,2026-09-18 14:35:48.000000,11634.0
N1310,ACC-5,ACC-5,AUDUSD,SELL,0.35,2026-09-18 11:03:38.000000,2026-09-18 13:33:46.000000,9008.0
N1394,ACC-5,ACC-5,USDJPY,BUY,1.49,2026-09-18 12:23:48.000000,2026-09-18 14:09:54.000000,6366.0
N1184,ACC-7,ACC-7,GBPUSD,BUY,1.01,2026-09-18 07:30:31.000000,2026-09-18 07:33:14.000000,163.0
N1011,ACC-6,ACC-6,GBPUSD,SELL,1.0,2026-09-18 08:36:11.000000,2026-09-18 08:52:14.000000,963.0
N1017,ACC-2,ACC-2,GBPUSD,SELL,1.07,2026-09-18 10:18:02.000000,2026-09-18 10:59:00.000000,2458.0
N1067,ACC-9,ACC-9,EURUSD,BUY,1.49,2026-09-18 09:25:55.000000,2026-09-18 13:10:13.000000,13458.0
N1321,ACC-3,ACC-3,AUDUSD,SELL,1.89,2026-09-18 11:01:56.000000,2026-09-18 13:54:48.000000,10372.0
SCALP5,ACC-3,ACC-3,EURUSD,BUY,0.15,2026-09-18 08:02:08.818634,2026-09-18 08:02:10.348957,1.530323
N1096,ACC-2,ACC-2,AUDUSD,SELL,1.39,2026-09-18 08:40:44.000000,2026-09-18 10:49:02.000000,7698.0
N1068,ACC-2,ACC-2,EURUSD,BUY,0.73,2026-09-18 10:54:28.000000,2026-09-18 11:13:43.000000,1155.0
N1106,ACC-2,ACC-2,EURUSD,BUY,1.24,2026-09-18 08:57:05.000000,2026-09-18 11:48:14.000000,10269.0
N1004,ACC-7,ACC-7,GBPUSD,BUY,0.36,2026-09-18 12:37:12.000000,2026-09-18 14:39:10.000000,7318.0
N1349,ACC-10,ACC-10,USDJPY,SELL,0.19,2026-09-18 11:15:39.000000,2026-09-18 11:30:45.000000,906.0
N1102,ACC-8,ACC-8,EURUSD,BUY,1.32,2026-09-18 11:31:39.000000,2026-09-18 13:20:38.000000,6539.0
N1182,ACC-6,ACC-6,USDJPY,SELL,1.82,2026-09-18 11:59:02.000000,2026-09-18 14:38:22.000000,9560.0
N1269,ACC-5,ACC-5,EURUSD,SELL,0.65,2026-09-18 07:52:23.000000,2026-09-18 08:36:30.000000,2647.0
SCALP7,ACC-3,ACC-3,EURUSD,BUY,0.11,2026-09-18 08:02:54.755496,2026-09-18 08:02:57.538681,2.783185
N1386,ACC-1,ACC-1,AUDUSD,BUY,1.98,2026-09-18 12:22:07.000000,2026-09-18 15:30:05.000000,11278.0
WASH_B,ACC-10,GROUP-X,USDJPY,SELL,3.0,2026-09-18 10:00:08.000000,2026-09-18 10:05:08.000000,300.0
N1279,ACC-5,ACC-5,USDJPY,SELL,1.35,2026-09-18 07:18:41.000000,2026-09-18 09:17:33.000000,7132.0
SCALP2,ACC-3,ACC-3,EURUSD,BUY,0.38,2026-09-18 08:00:38.385643,2026-09-18 08:00:39.727162,1.341519
N1134,ACC-4,ACC-4,AUDUSD,BUY,0.3,2026-09-18 12:30:35.000000,2026-09-18 15:11:17.000000,9642.0
N1093,ACC-6,ACC-6,USDJPY,BUY,1.41,2026-09-18 11:09:23.000000,2026-09-18 13:18:41.000000,7758.0
N1159,ACC-3,ACC-3,EURUSD,SELL,0.82,2026-09-18 10:07:06.000000,2026-09-18 13:30:19.000000,12193.0
N1251,ACC-3,ACC-3,EURUSD,SELL,1.41,2026-09-18 08:58:31.000000,2026-09-18 09:35:02.000000,2191.0
N1227,ACC-4,ACC-4,GBPUSD,BUY,0.42,2026-09-18 07:49:00.000000,2026-09-18 11:05:55.000000,11815.0
N1236,ACC-8,ACC-8,USDJPY,SELL,1.45,2026-09-18 12:35:31.000000,2026-09-18 16:11:29.000000,12958.0
N1037,ACC-2,ACC-2,AUDUSD,BUY,1.27,2026-09-18 12:17:13.000000,2026-09-18 14:38:44.000000,8491.0
N1119,ACC-9,ACC-9,EURUSD,BUY,0.33,2026-09-18 08:11:03.000000,2026-09-18 11:57:13.000000,13570.0
N1124,ACC-7,ACC-7,EURUSD,SELL,0.7,2026-09-18 09:04:40.000000,2026-09-18 11:11:02.000000,7582.0
N1163,ACC-7,ACC-7,EURUSD,BUY,0.9,2026-09-18 09:09:53.000000,2026-09-18 10:24:24.000000,4471.0
N1111,ACC-8,ACC-8,GBPUSD,BUY,1.62,2026-09-18 12:15:06.000000,2026-09-18 15:17:32.000000,10946.0
N1244,ACC-9,ACC-9,EURUSD,BUY,0.91,2026-09-18 11:13:09.000000,2026-09-18 11:17:36.000000,267.0
N1166,ACC-8,ACC-8,USDJPY,BUY,1.64,2026-09-18 07:02:47.000000,2026-09-18 10:46:38.000000,13431.0
N1261,ACC-9,ACC-9,AUDUSD,BUY,0.85,2026-09-18 12:05:09.000000,2026-09-18 14:05:53.000000,7244.0
N1002,ACC-6,ACC-6,AUDUSD,BUY,0.82,2026-09-18 07:55:41.000000,2026-09-18 10:32:54.000000,9433.0
N1095,ACC-3,ACC-3,EURUSD,BUY,1.46,2026-09-18 12:13:52.000000,2026-09-18 13:17:18.000000,3806.0
N1131,ACC-3,ACC-3,GBPUSD,BUY,1.03,2026-09-18 07:20:36.000000,2026-09-18 07:46:42.000000,1566.0
N1023,ACC-8,ACC-8,USDJPY,BUY,0.35,2026-09-18 12:08:02.000000,2026-09-18 12:44:47.000000,2205.0
N1003,ACC-4,ACC-4,EURUSD,BUY,0.88,2026-09-18 08:39:26.000000,2026-09-18 12:36:48.000000,14242.0
N1357,ACC-3,ACC-3,GBPUSD,SELL,1.08,2026-09-18 10:23:36.000000,2026-09-18 13:09:00.000000,9924.0
N1238,ACC-8,ACC-8,AUDUSD,SELL,0.18,2026-09-18 11:52:18.000000,2026-09-18 11:53:21.000000,63.0
N1028,ACC-7,ACC-7,GBPUSD,SELL,1.75,2026-09-18 08:38:22.000000,2026-09-18 09:03:12.000000,1490.0
N1300,ACC-2,ACC-2,GBPUSD,SELL,0.8,2026-09-18 12:35:35.000000,2026-09-18 14:49:03.000000,8008.0
N1218,ACC-2,ACC-2,AUDUSD,SELL,0.3,2026-09-18 09:14:22.000000,2026-09-18 09:46:12.000000,1910.0
N1133,ACC-6,ACC-6,AUDUSD,SELL,1.74,2026-09-18 12:40:17.000000,2026-09-18 13:05:39.000000,1522.0
N1283,ACC-8,ACC-8,USDJPY,SELL,1.85,2026-09-18 10:05:41.000000,2026-09-18 12:57:34.000000,10313.0
N1296,ACC-5,ACC-5,USDJPY,BUY,0.84,2026-09-18 09:11:38.000000,2026-09-18 12:28:42.000000,11824.0
N1212,ACC-1,ACC-1,AUDUSD,BUY,1.31,2026-09-18 09:22:21.000000,2026-09-18 09:50:06.000000,1665.0
N1142,ACC-6,ACC-6,AUDUSD,SELL,1.94,2026-09-18 10:33:04.000000,2026-09-18 12:16:46.000000,6222.0
N1390,ACC-7,ACC-7,EURUSD,SELL,0.62,2026-09-18 07:40:40.000000,2026-09-18 08:15:13.000000,2073.0
N1285,ACC-3,ACC-3,AUDUSD,SELL,0.63,2026-09-18 08:34:41.000000,2026-09-18 10:27:35.000000,6774.0
N1156,ACC-9,ACC-9,EURUSD,SELL,0.3,2026-09-18 07:35:12.000000,2026-09-18 08:29:04.000000,3232.0
N1304,ACC-2,ACC-2,GBPUSD,BUY,0.49,2026-09-18 12:53:05.000000,2026-09-18 15:33:08.000000,9603.0
SCALP6,ACC-3,ACC-3,EURUSD,BUY,0.37,2026-09-18 08:02:36.559183,2026-09-18 08:02:39.434976,2.875793
N1291,ACC-4,ACC-4,AUDUSD,BUY,0.62,2026-09-18 11:47:17.000000,2026-09-18 12:43:43.000000,3386.0
N1145,ACC-5,ACC-5,USDJPY,BUY,1.8,2026-09-18 08:31:26.000000,2026-09-18 08:52:52.000000,1286.0
N1288,ACC-4,ACC-4,AUDUSD,BUY,1.41,2026-09-18 12:17:15.000000,2026-09-18 15:20:06.000000,10971.0
N1085,ACC-5,ACC-5,AUDUSD,SELL,1.08,2026-09-18 12:23:39.000000,2026-09-18 15:00:41.000000,9422.0
N1154,ACC-3,ACC-3,EURUSD,BUY,0.74,2026-09-18 10:20:48.000000,2026-09-18 13:09:26.000000,10118.0
N1174,ACC-4,ACC-4,AUDUSD,SELL,0.46,2026-09-18 08:16:03.000000,2026-09-18 10:24:50.000000,7727.0
N1348,ACC-4,ACC-4,AUDUSD,SELL,0.58,2026-09-18 09:25:25.000000,2026-09-18 09:49:11.000000,1426.0
N1116,ACC-1,ACC-1,EURUSD,SELL,0.61,2026-09-18 10:28:50.000000,2026-09-18 13:02:46.000000,9236.0
N1181,ACC-5,ACC-5,EURUSD,SELL,0.31,2026-09-18 12:51:26.000000,2026-09-18 14:41:00.000000,6574.0
N1079,ACC-2,ACC-2,EURUSD,BUY,1.74,2026-09-18 11:36:35.000000,2026-09-18 14:19:16.000000,9761.0
N1197,ACC-3,ACC-3,EURUSD,SELL,1.17,2026-09-18 07:05:16.000000,2026-09-18 09:10:15.000000,7499.0
N1074,ACC-7,ACC-7,EURUSD,SELL,1.4,2026-09-18 11:27:18.000000,2026-09-18 13:41:29.000000,8051.0
N1040,ACC-1,ACC-1,AUDUSD,BUY,0.41,2026-09-18 08:12:55.000000,2026-09-18 08:43:40.000000,1845.0
N1375,ACC-2,ACC-2,EURUSD,BUY,1.24,2026-09-18 12:53:06.000000,2026-09-18 15:43:09.000000,10203.0
N1374,ACC-7,ACC-7,AUDUSD,BUY,0.6,2026-09-18 07:41:26.000000,2026-09-18 11:19:43.000000,13097.0
WASH_A,ACC-9,GROUP-X,USDJPY,BUY,3.0,2026-09-18 10:00:00.000000,2026-09-18 10:05:00.000000,300.0
N1162,ACC-2,ACC-2,EURUSD,SELL,0.88,2026-09-18 07:34:32.000000,2026-09-18 09:56:49.000000,8537.0
SCALP10,ACC-3,ACC-3,EURUSD,BUY,0.24,2026-09-18 08:04:13.536542,2026-09-18 08:04:15.324728,1.788186
N1128,ACC-8,ACC-8,USDJPY,SELL,0.98,2026-09-18 08:49:57.000000,2026-09-18 10:06:06.000000,4569.0
N1370,ACC-9,ACC-9,GBPUSD,BUY,1.41,2026-09-18 12:51:42.000000,2026-09-18 14:19:12.000000,5250.0
N1020,ACC-3,ACC-3,EURUSD,BUY,1.97,2026-09-18 11:51:22.000000,2026-09-18 13:42:42.000000,6680.0
N1345,ACC-9,ACC-9,USDJPY,BUY,0.38,2026-09-18 07:16:04.000000,2026-09-18 07:23:06.000000,422.0
N1001,ACC-1,ACC-1,AUDUSD,BUY,1.33,2026-09-18 08:25:39.000000,2026-09-18 08:57:03.000000,1884.0
N1320,ACC-1,ACC-1,USDJPY,BUY,0.89,2026-09-18 11:21:53.000000,2026-09-18 13:45:24.000000,8611.0
N1275,ACC-7,ACC-7,AUDUSD,BUY,0.35,2026-09-18 10:59:47.000000,2026-09-18 12:28:25.000000,5318.0
N1249,ACC-2,ACC-2,GBPUSD,BUY,0.85,2026-09-18 07:18:18.000000,2026-09-18 09:15:51.000000,7053.0
N1248,ACC-4,ACC-4,EURUSD,SELL,0.48,2026-09-18 11:51:40.000000,2026-09-18 13:33:01.000000,6081.0
N1259,ACC-3,ACC-3,USDJPY,BUY,1.98,2026-09-18 12:28:40.000000,2026-09-18 14:10:06.000000,6086.0
N1392,ACC-2,ACC-2,GBPUSD,SELL,0.93,2026-09-18 10:08:45.000000,2026-09-18 11:53:37.000000,6292.0
N1034,ACC-6,ACC-6,USDJPY,SELL,1.32,2026-09-18 10:43:04.000000,2026-09-18 12:19:09.000000,5765.0
N1306,ACC-10,ACC-10,AUDUSD,BUY,1.76,2026-09-18 12:43:35.000000,2026-09-18 14:07:38.000000,5043.0
N1376,ACC-2,ACC-2,USDJPY,BUY,1.04,2026-09-18 10:50:17.000000,2026-09-18 11:00:47.000000,630.0
N1069,ACC-7,ACC-7,AUDUSD,BUY,0.33,2026-09-18 08:06:49.000000,2026-09-18 09:07:10.000000,3621.0
N1087,ACC-3,ACC-3,GBPUSD,BUY,0.17,2026-09-18 11:22:41.000000,2026-09-18 14:23:44.000000,10863.0
N1097,ACC-6,ACC-6,USDJPY,BUY,1.49,2026-09-18 11:15:36.000000,2026-09-18 12:00:42.000000,2706.0
N1114,ACC-6,ACC-6,AUDUSD,BUY,1.8,2026-09-18 12:57:13.000000,2026-09-18 16:25:10.000000,12477.0
N1301,ACC-1,ACC-1,EURUSD,SELL,1.09,2026-09-18 10:12:55.000000,2026-09-18 11:40:01.000000,5226.0
N1363,ACC-5,ACC-5,USDJPY,SELL,0.72,2026-09-18 09:05:59.000000,2026-09-18 09:19:10.000000,791.0
N1209,ACC-5,ACC-5,AUDUSD,SELL,1.71,2026-09-18 11:41:56.000000,2026-09-18 12:54:41.000000,4365.0
N1307,ACC-5,ACC-5,EURUSD,BUY,1.22,2026-09-18 11:57:46.000000,2026-09-18 14:55:46.000000,10680.0
N1196,ACC-4,ACC-4,USDJPY,SELL,1.84,2026-09-18 08:36:37.000000,2026-09-18 11:19:17.000000,9760.0
N1284,ACC-2,ACC-2,AUDUSD,SELL,1.73,2026-09-18 09:24:31.000000,2026-09-18 10:00:33.000000,2162.0
N1167,ACC-3,ACC-3,USDJPY,BUY,0.14,2026-09-18 12:07:06.000000,2026-09-18 14:12:43.000000,7537.0
N1104,ACC-1,ACC-1,EURUSD,BUY,0.44,2026-09-18 11:37:46.000000,2026-09-18 14:33:10.000000,10524.0
SCALP9,ACC-3,ACC-3,EURUSD,SELL,0.31,2026-09-18 08:03:42.819334,2026-09-18 08:03:44.604920,1.785586
N1077,ACC-5,ACC-5,USDJPY,BUY,1.64,2026-09-18 10:22:43.000000,2026-09-18 12:27:00.000000,7457.0
N1192,ACC-8,ACC-8,EURUSD,BUY,1.18,2026-09-18 07:23:03.000000,2026-09-18 07:39:53.000000,1010.0
N1054,ACC-8,ACC-8,USDJPY,BUY,1.01,2026-09-18 08:06:33.000000,2026-09-18 11:07:17.000000,10844.0
N1019,ACC-3,ACC-3,EURUSD,BUY,1.47,2026-09-18 09:48:55.000000,2026-09-18 12:01:31.000000,7956.0
N1391,ACC-2,ACC-2,EURUSD,BUY,1.38,2026-09-18 11:41:22.000000,2026-09-18 12:21:45.000000,2423.0
N1178,ACC-10,ACC-10,AUDUSD,BUY,0.99,2026-09-18 07:42:11.000000,2026-09-18 09:22:18.000000,6007.0
N1257,ACC-3,ACC-3,EURUSD,BUY,1.44,2026-09-18 07:57:18.000000,2026-09-18 11:20:38.000000,12200.0
N1255,ACC-1,ACC-1,GBPUSD,BUY,0.79,2026-09-18 07:51:43.000000,2026-09-18 11:05:42.000000,11639.0
N1215,ACC-3,ACC-3,EURUSD,BUY,1.6,2026-09-18 11:36:32.000000,2026-09-18 13:28:03.000000,6691.0
N1343,ACC-5,ACC-5,EURUSD,BUY,1.98,2026-09-18 07:59:57.000000,2026-09-18 08:28:52.000000,1735.0
N1193,ACC-2,ACC-2,EURUSD,SELL,1.78,2026-09-18 10:24:20.000000,2026-09-18 11:57:53.000000,5613.0
N1130,ACC-6,ACC-6,GBPUSD,BUY,1.27,2026-09-18 10:38:55.000000,2026-09-18 12:14:45.000000,5750.0
N1378,ACC-2,ACC-2,GBPUSD,BUY,1.04,2026-09-18 07:36:28.000000,2026-09-18 09:12:24.000000,5756.0
N1100,ACC-7,ACC-7,GBPUSD,BUY,0.16,2026-09-18 11:43:24.000000,2026-09-18 14:18:14.000000,9290.0
N1171,ACC-10,ACC-10,EURUSD,BUY,0.15,2026-09-18 10:45:41.000000,2026-09-18 14:28:02.000000,13341.0
N1360,ACC-4,ACC-4,AUDUSD,SELL,1.38,2026-09-18 08:02:06.000000,2026-09-18 09:59:28.000000,7042.0
N1315,ACC-7,ACC-7,AUDUSD,SELL,0.23,2026-09-18 10:35:41.000000,2026-09-18 12:48:39.000000,7978.0
N1387,ACC-8,ACC-8,AUDUSD,SELL,0.9,2026-09-18 09:03:51.000000,2026-09-18 10:33:30.000000,5379.0
N1143,ACC-3,ACC-3,GBPUSD,SELL,0.83,2026-09-18 07:59:28.000000,2026-09-18 11:50:11.000000,13843.0
N1298,ACC-1,ACC-1,GBPUSD,SELL,1.36,2026-09-18 07:52:59.000000,2026-09-18 09:10:36.000000,4657.0
N1281,ACC-9,ACC-9,AUDUSD,SELL,1.28,2026-09-18 07:21:07.000000,2026-09-18 08:10:03.000000,2936.0
N1202,ACC-8,ACC-8,USDJPY,SELL,0.1,2026-09-18 09:56:17.000000,2026-09-18 12:17:37.000000,8480.0
N1200,ACC-2,ACC-2,EURUSD,BUY,0.23,2026-09-18 11:11:22.000000,2026-09-18 12:34:50.000000,5008.0
N1148,ACC-10,ACC-10,GBPUSD,SELL,0.89,2026-09-18 07:46:06.000000,2026-09-18 10:31:54.000000,9948.0
N1268,ACC-10,ACC-10,EURUSD,BUY,1.77,2026-09-18 07:49:36.000000,2026-09-18 10:31:12.000000,9696.0
N1121,ACC-4,ACC-4,AUDUSD,BUY,0.79,2026-09-18 10:00:25.000000,2026-09-18 11:38:44.000000,5899.0
N1136,ACC-5,ACC-5,AUDUSD,SELL,1.14,2026-09-18 10:37:57.000000,2026-09-18 12:41:15.000000,7398.0
SCALP8,ACC-3,ACC-3,EURUSD,BUY,0.16,2026-09-18 08:03:05.332423,2026-09-18 08:03:08.575732,3.243309
N1367,ACC-5,ACC-5,EURUSD,BUY,0.3,2026-09-18 08:25:41.000000,2026-09-18 10:46:26.000000,8445.0
N1057,ACC-8,ACC-8,EURUSD,BUY,1.03,2026-09-18 08:24:31.000000,2026-09-18 11:42:01.000000,11850.0
N1194,ACC-5,ACC-5,USDJPY,SELL,1.59,2026-09-18 08:07:55.000000,2026-09-18 09:19:59.000000,4324.0
N1270,ACC-6,ACC-6,AUDUSD,BUY,1.98,2026-09-18 08:54:09.000000,2026-09-18 10:31:54.000000,5865.0
N1325,ACC-3,ACC-3,EURUSD,BUY,1.67,2026-09-18 07:35:15.000000,2026-09-18 11:25:42.000000,13827.0
N1063,ACC-10,ACC-10,AUDUSD,SELL,1.0,2026-09-18 08:47:17.000000,2026-09-18 10:08:44.000000,4887.0
N1070,ACC-10,ACC-10,EURUSD,BUY,1.99,2026-09-18 10:59:11.000000,2026-09-18 11:40:34.000000,2483.0
N1305,ACC-4,ACC-4,USDJPY,BUY,0.49,2026-09-18 08:32:27.000000,2026-09-18 09:05:24.000000,1977.0
N1271,ACC-2,ACC-2,AUDUSD,SELL,0.29,2026-09-18 11:31:10.000000,2026-09-18 13:01:15.000000,5405.0
N1339,ACC-7,ACC-7,EURUSD,BUY,0.11,2026-09-18 09:47:36.000000,2026-09-18 12:21:07.000000,9211.0
N1266,ACC-2,ACC-2,EURUSD,BUY,1.03,2026-09-18 11:16:24.000000,2026-09-18 12:16:00.000000,3576.0
N1311,ACC-9,ACC-9,GBPUSD,BUY,1.26,2026-09-18 07:11:21.000000,2026-09-18 09:28:00.000000,8199.0
N1379,ACC-5,ACC-5,GBPUSD,BUY,1.55,2026-09-18 10:31:24.000000,2026-09-18 11:01:46.000000,1822.0
N1169,ACC-8,ACC-8,EURUSD,SELL,1.09,2026-09-18 09:32:27.000000,2026-09-18 12:16:20.000000,9833.0
N1036,ACC-9,ACC-9,GBPUSD,BUY,1.69,2026-09-18 11:20:38.000000,2026-09-18 12:38:22.000000,4664.0
N1243,ACC-2,ACC-2,USDJPY,SELL,1.59,2026-09-18 07:33:36.000000,2026-09-18 08:45:13.000000,4297.0
N1082,ACC-4,ACC-4,EURUSD,BUY,1.95,2026-09-18 11:28:23.000000,2026-09-18 15:12:57.000000,13474.0
N1260,ACC-8,ACC-8,USDJPY,SELL,1.78,2026-09-18 09:59:47.000000,2026-09-18 12:46:18.000000,9991.0
N1022,ACC-7,ACC-7,GBPUSD,BUY,1.96,2026-09-18 12:48:36.000000,2026-09-18 12:58:02.000000,566.0
N1389,ACC-1,ACC-1,GBPUSD,SELL,1.88,2026-09-18 09:59:15.000000,2026-09-18 11:28:56.000000,5381.0
N1239,ACC-8,ACC-8,EURUSD,BUY,0.42,2026-09-18 08:33:18.000000,2026-09-18 12:26:37.000000,13999.0
N1220,ACC-7,ACC-7,EURUSD,SELL,0.68,2026-09-18 11:07:53.000000,2026-09-18 14:52:31.000000,13478.0
N1013,ACC-7,ACC-7,USDJPY,SELL,1.2,2026-09-18 07:04:57.000000,2026-09-18 09:09:06.000000,7449.0
N1322,ACC-10,ACC-10,GBPUSD,BUY,0.72,2026-09-18 09:00:21.000000,2026-09-18 09:40:55.000000,2434.0
N1160,ACC-2,ACC-2,AUDUSD,SELL,0.13,2026-09-18 11:21:36.000000,2026-09-18 12:58:48.000000,5832.0
N1072,ACC-4,ACC-4,EURUSD,BUY,1.35,2026-09-18 07:39:19.000000,2026-09-18 08:56:14.000000,4615.0
N1177,ACC-7,ACC-7,GBPUSD,BUY,1.33,2026-09-18 11:29:41.000000,2026-09-18 12:56:55.000000,5234.0
N1276,ACC-1,ACC-1,USDJPY,SELL,0.9,2026-09-18 12:22:28.000000,2026-09-18 12:52:31.000000,1803.0
N1035,ACC-3,ACC-3,AUDUSD,SELL,1.92,2026-09-18 11:42:58.000000,2026-09-18 12:22:12.000000,2354.0
N1207,ACC-5,ACC-5,AUDUSD,BUY,1.16,2026-09-18 08:31:48.000000,2026-09-18 10:26:52.000000,6904.0
N1225,ACC-8,ACC-8,AUDUSD,SELL,1.54,2026-09-18 12:30:20.000000,2026-09-18 12:57:41.000000,1641.0
N1120,ACC-6,ACC-6,AUDUSD,SELL,1.9,2026-09-18 12:34:14.000000,2026-09-18 12:39:16.000000,302.0
N1216,ACC-2,ACC-2,AUDUSD,SELL,0.24,2026-09-18 10:50:18.000000,2026-09-18 10:58:08.000000,470.0
N1029,ACC-8,ACC-8,USDJPY,SELL,0.22,2026-09-18 10:14:15.000000,2026-09-18 13:24:25.000000,11410.0
N1188,ACC-6,ACC-6,USDJPY,SELL,1.98,2026-09-18 09:44:48.000000,2026-09-18 13:36:31.000000,13903.0
N1383,ACC-2,ACC-2,GBPUSD,BUY,1.14,2026-09-18 12:31:44.000000,2026-09-18 14:12:37.000000,6053.0
N1180,ACC-5,ACC-5,GBPUSD,SELL,0.73,2026-09-18 08:57:12.000000,2026-09-18 09:39:12.000000,2520.0
N1233,ACC-7,ACC-7,USDJPY,SELL,0.8,2026-09-18 08:10:02.000000,2026-09-18 09:29:40.000000,4778.0
N1334,ACC-4,ACC-4,USDJPY,BUY,1.3,2026-09-18 11:21:26.000000,2026-09-18 12:31:01.000000,4175.0
N1165,ACC-7,ACC-7,GBPUSD,SELL,1.73,2026-09-18 09:13:49.000000,2026-09-18 09:39:23.000000,1534.0
N1126,ACC-8,ACC-8,AUDUSD,BUY,0.3,2026-09-18 10:49:04.000000,2026-09-18 13:56:45.000000,11261.0
N1396,ACC-4,ACC-4,AUDUSD,BUY,0.19,2026-09-18 07:00:43.000000,2026-09-18 10:05:55.000000,11112.0
N1264,ACC-6,ACC-6,EURUSD,BUY,1.49,2026-09-18 10:42:26.000000,2026-09-18 11:30:28.000000,2882.0
N1064,ACC-8,ACC-8,EURUSD,SELL,1.69,2026-09-18 10:56:22.000000,2026-09-18 13:35:49.000000,9567.0
N1351,ACC-4,ACC-4,USDJPY,BUY,1.4,2026-09-18 11:44:59.000000,2026-09-18 13:42:39.000000,7060.0
N1214,ACC-6,ACC-6,AUDUSD,SELL,0.22,2026-09-18 09:44:37.000000,2026-09-18 10:03:55.000000,1158.0
N1364,ACC-8,ACC-8,USDJPY,BUY,0.27,2026-09-18 11:31:31.000000,2026-09-18 13:09:58.000000,5907.0
N1350,ACC-3,ACC-3,EURUSD,BUY,0.91,2026-09-18 12:24:06.000000,2026-09-18 13:05:39.000000,2493.0
N1175,ACC-6,ACC-6,USDJPY,BUY,1.37,2026-09-18 08:07:21.000000,2026-09-18 11:37:54.000000,12633.0
N1172,ACC-7,ACC-7,AUDUSD,BUY,2.0,2026-09-18 08:30:58.000000,2026-09-18 10:03:52.000000,5574.0
N1332,ACC-4,ACC-4,USDJPY,SELL,0.1,2026-09-18 08:05:15.000000,2026-09-18 11:41:49.000000,12994.0
N1032,ACC-3,ACC-3,EURUSD,SELL,1.14,2026-09-18 09:16:54.000000,2026-09-18 10:46:23.000000,5369.0
N1031,ACC-8,ACC-8,USDJPY,SELL,1.92,2026-09-18 10:05:43.000000,2026-09-18 13:03:37.000000,10674.0
N1232,ACC-5,ACC-5,USDJPY,BUY,1.77,2026-09-18 08:12:32.000000,2026-09-18 10:36:05.000000,8613.0
N1235,ACC-7,ACC-7,USDJPY,SELL,1.66,2026-09-18 12:23:00.000000,2026-09-18 15:28:01.000000,11101.0
N1187,ACC-1,ACC-1,USDJPY,SELL,0.96,2026-09-18 12:57:39.000000,2026-09-18 13:31:51.000000,2052.0
N1173,ACC-3,ACC-3,USDJPY,BUY,0.9,2026-09-18 07:41:54.000000,2026-09-18 09:23:17.000000,6083.0
N1381,ACC-2,ACC-2,USDJPY,BUY,0.29,2026-09-18 11:43:34.000000,2026-09-18 15:19:52.000000,12978.0
N1303,ACC-10,ACC-10,GBPUSD,BUY,1.83,2026-09-18 12:08:06.000000,2026-09-18 13:31:04.000000,4978.0
N1038,ACC-7,ACC-7,USDJPY,SELL,1.47,2026-09-18 07:15:05.000000,2026-09-18 08:08:59.000000,3234.0
N1265,ACC-6,ACC-6,USDJPY,BUY,0.69,2026-09-18 08:07:26.000000,2026-09-18 10:29:37.000000,8531.0
N1372,ACC-8,ACC-8,USDJPY,SELL,1.5,2026-09-18 09:55:57.000000,2026-09-18 13:12:30.000000,11793.0
N1014,ACC-1,ACC-1,GBPUSD,BUY,0.33,2026-09-18 09:14:23.000000,2026-09-18 12:58:39.000000,13456.0
N1094,ACC-3,ACC-3,EURUSD,SELL,0.65,2026-09-18 09:11:02.000000,2026-09-18 12:30:40.000000,11978.0
N1016,ACC-8,ACC-8,EURUSD,SELL,1.73,2026-09-18 07:20:00.000000,2026-09-18 09:18:43.000000,7123.0
N1341,ACC-5,ACC-5,USDJPY,BUY,0.93,2026-09-18 11:44:19.000000,2026-09-18 11:46:49.000000,150.0
N1217,ACC-10,ACC-10,USDJPY,BUY,1.4,2026-09-18 09:56:33.000000,2026-09-18 11:35:56.000000,5963.0
N1289,ACC-9,ACC-9,EURUSD,BUY,1.58,2026-09-18 09:47:20.000000,2026-09-18 10:14:55.000000,1655.0
N1078,ACC-7,ACC-7,GBPUSD,BUY,1.46,2026-09-18 12:57:43.000000,2026-09-18 14:31:29.000000,5626.0
N1091,ACC-9,ACC-9,USDJPY,BUY,0.63,2026-09-18 08:28:13.000000,2026-09-18 11:53:37.000000,12324.0
N1183,ACC-8,ACC-8,GBPUSD,BUY,0.6,2026-09-18 11:57:50.000000,2026-09-18 12:01:46.000000,236.0
N1323,ACC-2,ACC-2,EURUSD,SELL,1.34,2026-09-18 11:54:45.000000,2026-09-18 14:52:55.000000,10690.0
N1267,ACC-8,ACC-8,USDJPY,BUY,0.91,2026-09-18 12:36:27.000000,2026-09-18 14:39:41.000000,7394.0
N1190,ACC-10,ACC-10,AUDUSD,BUY,1.86,2026-09-18 09:43:24.000000,2026-09-18 13:27:06.000000,13422.0
SCALP4,ACC-3,ACC-3,EURUSD,BUY,0.49,2026-09-18 08:01:29.468791,2026-09-18 08:01:32.234360,2.765569
N1109,ACC-8,ACC-8,GBPUSD,BUY,0.36,2026-09-18 11:23:54.000000,2026-09-18 11:48:19.000000,1465.0
N1356,ACC-6,ACC-6,USDJPY,BUY,1.51,2026-09-18 10:22:53.000000,2026-09-18 11:57:36.000000,5683.0
N1135,ACC-10,ACC-10,GBPUSD,SELL,0.14,2026-09-18 07:14:46.000000,2026-09-18 10:01:54.000000,10028.0
N1245,ACC-4,ACC-4,GBPUSD,BUY,0.43,2026-09-18 10:59:26.000000,2026-09-18 14:39:10.000000,13184.0
N1274,ACC-9,ACC-9,AUDUSD,SELL,1.35,2026-09-18 12:35:55.000000,2026-09-18 15:55:22.000000,11967.0
N1147,ACC-9,ACC-9,AUDUSD,SELL,0.54,2026-09-18 11:23:54.000000,2026-09-18 13:48:47.000000,8693.0
N1105,ACC-7,ACC-7,GBPUSD,BUY,0.26,2026-09-18 09:51:25.000000,2026-09-18 13:27:51.000000,12986.0
N1294,ACC-5,ACC-5,EURUSD,BUY,1.81,2026-09-18 12:46:26.000000,2026-09-18 13:16:56.000000,1830.0
N1324,ACC-1,ACC-1,GBPUSD,BUY,1.02,2026-09-18 12:36:07.000000,2026-09-18 15:42:08.000000,11161.0
N1258,ACC-1,ACC-1,AUDUSD,SELL,1.48,2026-09-18 07:43:35.000000,2026-09-18 09:57:16.000000,8021.0
N1287,ACC-7,ACC-7,AUDUSD,BUY,0.64,2026-09-18 07:19:23.000000,2026-09-18 08:12:52.000000,3209.0
N1397,ACC-6,ACC-6,USDJPY,SELL,1.04,2026-09-18 07:40:06.000000,2026-09-18 09:44:03.000000,7437.0
N1179,ACC-10,ACC-10,EURUSD,BUY,0.45,2026-09-18 10:54:18.000000,2026-09-18 11:18:10.000000,1432.0
N1361,ACC-4,ACC-4,USDJPY,BUY,0.85,2026-09-18 12:07:52.000000,2026-09-18 12:18:23.000000,631.0
N1164,ACC-2,ACC-2,GBPUSD,SELL,1.94,2026-09-18 12:02:12.000000,2026-09-18 14:13:06.000000,7854.0
N1110,ACC-5,ACC-5,AUDUSD,SELL,0.35,2026-09-18 11:53:08.000000,2026-09-18 12:16:01.000000,1373.0
N1256,ACC-10,ACC-10,AUDUSD,SELL,1.65,2026-09-18 12:42:34.000000,2026-09-18 14:01:42.000000,4748.0
N1314,ACC-2,ACC-2,GBPUSD,BUY,1.25,2026-09-18 09:33:30.000000,2026-09-18 13:14:07.000000,13237.0
N1005,ACC-3,ACC-3,GBPUSD,BUY,1.95,2026-09-18 07:02:54.000000,2026-09-18 08:00:35.000000,3461.0
N1144,ACC-9,ACC-9,USDJPY,BUY,1.78,2026-09-18 08:56:10.000000,2026-09-18 10:16:54.000000,4844.0
N1103,ACC-1,ACC-1,EURUSD,SELL,1.68,2026-09-18 11:03:30.000000,2026-09-18 12:27:32.000000,5042.0
N1210,ACC-8,ACC-8,EURUSD,BUY,1.41,2026-09-18 08:00:21.000000,2026-09-18 09:32:42.000000,5541.0
N1041,ACC-6,ACC-6,GBPUSD,SELL,0.47,2026-09-18 07:19:28.000000,2026-09-18 09:13:25.000000,6837.0
N1362,ACC-7,ACC-7,USDJPY,BUY,0.76,2026-09-18 10:45:16.000000,2026-09-18 12:16:33.000000,5477.0
N1137,ACC-10,ACC-10,EURUSD,BUY,1.62,2026-09-18 10:18:08.000000,2026-09-18 13:00:42.000000,9754.0
N1377,ACC-8,ACC-8,USDJPY,SELL,1.54,2026-09-18 12:14:08.000000,2026-09-18 13:24:52.000000,4244.0
N1254,ACC-7,ACC-7,AUDUSD,BUY,0.48,2026-09-18 12:17:52.000000,2026-09-18 13:26:43.000000,4131.0
N1146,ACC-7,ACC-7,GBPUSD,BUY,1.35,2026-09-18 12:11:15.000000,2026-09-18 14:46:16.000000,9301.0
N1125,ACC-10,ACC-10,AUDUSD,BUY,0.94,2026-09-18 08:27:42.000000,2026-09-18 10:53:38.000000,8756.0
N1086,ACC-4,ACC-4,GBPUSD,SELL,0.22,2026-09-18 07:20:15.000000,2026-09-18 07:29:48.000000,573.0
N1030,ACC-10,ACC-10,EURUSD,SELL,0.79,2026-09-18 09:33:22.000000,2026-09-18 13:21:56.000000,13714.0
N1065,ACC-5,ACC-5,AUDUSD,SELL,0.37,2026-09-18 11:21:16.000000,2026-09-18 14:31:36.000000,11420.0
N1203,ACC-8,ACC-8,AUDUSD,SELL,0.4,2026-09-18 08:58:11.000000,2026-09-18 10:10:35.000000,4344.0
N1205,ACC-7,ACC-7,AUDUSD,SELL,0.43,2026-09-18 08:15:48.000000,2026-09-18 10:30:25.000000,8077.0
N1044,ACC-7,ACC-7,EURUSD,SELL,1.93,2026-09-18 12:00:20.000000,2026-09-18 14:48:22.000000,10082.0
N1027,ACC-5,ACC-5,USDJPY,SELL,0.87,2026-09-18 08:20:00.000000,2026-09-18 08:51:14.000000,1874.0
N1080,ACC-8,ACC-8,GBPUSD,SELL,1.77,2026-09-18 11:22:23.000000,2026-09-18 12:51:09.000000,5326.0
N1113,ACC-4,ACC-4,USDJPY,SELL,1.78,2026-09-18 07:39:15.000000,2026-09-18 09:34:35.000000,6920.0
N1399,ACC-10,ACC-10,EURUSD,BUY,1.17,2026-09-18 07:52:41.000000,2026-09-18 11:38:03.000000,13522.0
N1204,ACC-6,ACC-6,GBPUSD,SELL,0.27,2026-09-18 10:12:38.000000,2026-09-18 10:34:44.000000,1326.0
N1007,ACC-4,ACC-4,GBPUSD,BUY,1.94,2026-09-18 10:29:17.000000,2026-09-18 11:51:22.000000,4925.0
N1208,ACC-9,ACC-9,USDJPY,SELL,0.66,2026-09-18 07:58:53.000000,2026-09-18 08:52:55.000000,3242.0
N1158,ACC-7,ACC-7,AUDUSD,SELL,0.11,2026-09-18 12:26:05.000000,2026-09-18 14:08:49.000000,6164.0
N1112,ACC-4,ACC-4,USDJPY,BUY,1.04,2026-09-18 09:15:51.000000,2026-09-18 09:29:27.000000,816.0
N1231,ACC-10,ACC-10,AUDUSD,SELL,1.76,2026-09-18 11:44:42.000000,2026-09-18 14:30:05.000000,9923.0
N1228,ACC-8,ACC-8,USDJPY,SELL,1.73,2026-09-18 08:29:06.000000,2026-09-18 12:08:34.000000,13168.0
N1008,ACC-1,ACC-1,USDJPY,SELL,0.42,2026-09-18 08:19:34.000000,2026-09-18 09:32:06.000000,4352.0
N1073,ACC-1,ACC-1,EURUSD,SELL,1.77,2026-09-18 08:13:21.000000,2026-09-18 08:16:34.000000,193.0
SCALP0,ACC-3,ACC-3,EURUSD,BUY,0.31,2026-09-18 08:00:00.000000,2026-09-18 08:00:01.341885,1.341885
N1118,ACC-8,ACC-8,USDJPY,SELL,0.16,2026-09-18 11:56:13.000000,2026-09-18 15:25:16.000000,12543.0
N1189,ACC-3,ACC-3,EURUSD,SELL,0.2,2026-09-18 08:55:48.000000,2026-09-18 11:20:40.000000,8692.0
N1206,ACC-3,ACC-3,AUDUSD,SELL,1.83,2026-09-18 08:19:13.000000,2026-09-18 10:18:11.000000,7138.0
N1355,ACC-6,ACC-6,GBPUSD,BUY,1.08,2026-09-18 12:59:54.000000,2026-09-18 15:59:26.000000,10772.0
